MACHADO AND CO;;41 AVENUE GALLIENI;93800 EPINAY SUR SEINE
NATIXIS LEASE IMMO;;;
SCI 3A;;49 rue Pierre Butin;95300 Pontoise
SCI 3A Eaubonne;;103 Route de Montlignon;95600 Eaubonne
HABITAT RENOV;;1401 av de la grande halle;78200 Buchelay
SAS STAFFEURS PARISIENS;BAT E;77 B RUE DES CHESNAUX;95160 MONTMORENCY
TTB;;4 RUE BOTZARIS;75019 PARIS
CMA BATIMENT;;75 RUE DU CHEMIN VERT;95460 EZANVILLE
SODEMAT;;81 RUE DE PASTEUR;91330 YERRES
MGB CONSTRUCTIONS SASU;;39 RUE DE LA POMMERAYE;95270 LUZARCHES
SARL BATIROD;;103 Boulevard MacDonald;75019 PARIS
3 C BAT;;4 RUE LOUIS ARMAND;95600 EAUBONNE
ENTREPRISE PERONI;;3 rue de la source;95770 BUHY
SARL ADP 2000;;65 Bis Avenue Marceau;78600 LE MESNIL LE ROI
PMB ETANCH;;46 QUATER RUE DE PARIS;92750 LE MESNIL AUBRY
SARL AMJF BATIMENT;;18 BIS AVENUE SCHAEFFER;95170 DEUIL LA BARRE
JAUNE PAILLE EURL;;7 RUE MICHEL JAZY;78990 ELANCOURT
M & MME PUSTOCH;;3 AVENUE RIBOT;95130 LE PLESSIS BOUCHARD
Groupe CANAL + SA ;Comptabilité Fournisseurs ;1 place du Spectacles ;92863 Issy Les Moulineaux Cedex 9
EURL FADO;;75 RUE DE LOURMEL;75015 PARIS
SARL CPE;;13 RUE DES CARRIERES;78520 LIMAY
ALCATINE;;19 avenue Paul Vaillant Couturier;91700 Sainte Geneviere des bois
CAPENSET;;103 Route de Montlignon;95600 Eaubonne
AMJ DECORATION;;26 rue de la muette;95520 Osny
M YOUNESS CHAHBOUN;;1 Avenue de la liberté;92000 Nanterre
SAS NORD DECORATION;;69 avenue Henri Dunant;77100 Meaux
SCI M.I.J.;;5 Ruelle de la Côte;95580 Margency
Etoile bati;;14 Avenue de mai 1945;95200 Sarcelles
EMMACLIM;;3 RUE DE NICE;94140 ALFORTVILLE
E2G RENOVE;;7 RUE DES BOIS;77760 BUTHIERS
PMB ETANCHE;;46TER RUE DE PARIS ;95720 LE MESNIL AUBRY 
REMARK;;25 Rue Henri Brochard ;95580 MARGENCY 
ABC BAT;;103 route de montlignon;95600 EAUBONNE
PSP BAT;;47 bd de Stalingrad;94400 Vitry sur Seine
BAZZI;;103 route de montlignon;95600 EAUBONNE
CAP BATIMENT;;23 Avenue Henri Barbusse;92220 Bagneux
EVEREST RENOV ;;101 RUE CONTANT COQUELIN ;94400 VITRY SUR SEINE 
LCGD;;25 RUE LAZARE HOCHE ;91120 PALAISEAU 
GOUVEIA ;;5 Rue villa forget ;93240 STAINS 
3C BAT;;4 RUE LOUIS ARMAND;95600 EAUBONNE
SAS MAC;;5  rue de la liberté ;95390 SAINT PRIX
BL ELECT;;37 rue de Paris;95300 Liviliers
STELL RENOV;;2 route de l'ile barbiere, bat B4;94380 Bonneuil-sur-Marne
AEGE;;3 ALLEE DE LA SEINE;94200 IVRY SUR SEINE
Laurent Botiuk;;9bis avenue de saint ladre;77230 Dammartin-en-Goele
SARL SERGE BONNAT;;23 rue des Bourguignons;91310 Montlhery
